ID,Human-understandable Difficulty Label,Linguistic Phenomena Tagging,,,,,,,,,,,
,,COREF,Conversational pivots,Quantity/Time reasoning,ANTO,Emotional commonality,Conditional,Nnegation,Quantifier,Belief verbs,Modal,Ending Only,Sentence length
e8f628d5-9f97-40ed-8611-fc0e774673c4,Paraphrasing,FALSE,TRUE,TRUE,FALSE,FALSE,FALSE,TRUE,TRUE,FALSE,FALSE,FALSE,TRUE
e17053ac-2046-48c8-a7a2-7b9509c10e64,word,FALSE,FALSE,FALSE,FALSE,TRUE,FALSE,FALSE,FALSE,FALSE,FALSE,FALSE,TRUE
736f326b-48ea-439b-821b-6365e38773e9,word,FALSE,FALSE,FALSE,FALSE,TRUE,TRUE,FALSE,FALSE,FALSE,FALSE,FALSE,FALSE
caa0244b-9388-409e-b50a-5e305336e540,sentence,TRUE,FALSE,FALSE,TRUE,TRUE,FALSE,TRUE,FALSE,TRUE,TRUE,FALSE,TRUE
1edf348d-6fce-4ea3-937c-28ade02f28b8,Paraphrasing,TRUE,FALSE,FALSE,FALSE,TRUE,FALSE,FALSE,FALSE,FALSE,FALSE,FALSE,TRUE
0fe46de6-6ee3-4932-a578-268917372566,sentence,FALSE,TRUE,FALSE,TRUE,TRUE,FALSE,TRUE,FALSE,FALSE,TRUE,FALSE,TRUE
501c6884-8885-4df3-ae8c-f3f9328fde54,Paraphrasing,TRUE,TRUE,FALSE,FALSE,TRUE,FALSE,TRUE,FALSE,FALSE,FALSE,FALSE,FALSE
8d9f72c4-7f31-4e86-8511-e921fd8f78bb,Paraphrasing,FALSE,FALSE,FALSE,FALSE,TRUE,FALSE,TRUE,TRUE,FALSE,FALSE,FALSE,FALSE
411b9523-5254-41ff-b740-e039d0423201,sentence,FALSE,TRUE,FALSE,TRUE,TRUE,FALSE,FALSE,FALSE,FALSE,FALSE,FALSE,TRUE
b8c30925-f572-4ac3-b865-1cba592b6f0c,Paraphrasing,TRUE,FALSE,TRUE,FALSE,TRUE,FALSE,FALSE,FALSE,FALSE,FALSE,FALSE,FALSE
57d5152a-77db-4156-8330-166edb36b0a2,Paraphrasing,FALSE,FALSE,FALSE,FALSE,TRUE,FALSE,FALSE,FALSE,FALSE,FALSE,TRUE,TRUE
726a0fc9-8c6f-451e-838b-c48140817dfc,sentence,FALSE,TRUE,FALSE,FALSE,FALSE,FALSE,FALSE,TRUE,FALSE,FALSE,TRUE,FALSE
31dd2600-d4c3-4f15-a336-cd0c32237d06,sentence,TRUE,FALSE,FALSE,FALSE,TRUE,FALSE,FALSE,FALSE,FALSE,FALSE,FALSE,FALSE
7c183d9b-d1fd-414f-8c95-c17132422732,word,TRUE,FALSE,FALSE,FALSE,FALSE,FALSE,FALSE,FALSE,FALSE,TRUE,FALSE,TRUE
57f0ad88-0dad-4cce-95da-30175ff0ba40,sentence,FALSE,FALSE,FALSE,TRUE,TRUE,FALSE,FALSE,FALSE,FALSE,FALSE,FALSE,FALSE
a5ac20db-ed05-49d7-8960-2035a9dce14d,sentence,FALSE,TRUE,FALSE,FALSE,TRUE,FALSE,TRUE,FALSE,FALSE,FALSE,TRUE,FALSE
d10f40c6-f5f0-4273-82e0-90aa22520588,Paraphrasing,FALSE,FALSE,FALSE,FALSE,TRUE,FALSE,FALSE,FALSE,FALSE,FALSE,FALSE,FALSE
49c51e74-be6e-45b9-a223-4c0835ad76c1,word,TRUE,FALSE,FALSE,FALSE,TRUE,FALSE,FALSE,TRUE,FALSE,TRUE,FALSE,FALSE
6ab897f0-4f61-40f1-afa6-e9485e44316d,Paraphrasing,FALSE,FALSE,TRUE,TRUE,FALSE,FALSE,FALSE,FALSE,FALSE,FALSE,FALSE,FALSE
5488ad4e-968e-4113-b3f1-23a27e40e52a,sentence,FALSE,FALSE,FALSE,FALSE,TRUE,FALSE,TRUE,FALSE,FALSE,FALSE,TRUE,FALSE
e7be4ea9-4bb9-4141-90d5-351d6377c9fc,sentence,FALSE,FALSE,FALSE,TRUE,FALSE,FALSE,FALSE,FALSE,FALSE,FALSE,FALSE,TRUE
1b99f1e5-e8e4-4ae9-b05b-e5c8324e8768,sentence,FALSE,TRUE,FALSE,TRUE,TRUE,FALSE,FALSE,FALSE,FALSE,FALSE,FALSE,FALSE
9a6318d7-6a3e-4745-bba9-b3754190352a,sentence,FALSE,FALSE,FALSE,FALSE,TRUE,FALSE,TRUE,FALSE,FALSE,FALSE,FALSE,FALSE
598c2da4-91cb-4adb-8d09-0de672cdebe8,Paraphrasing,TRUE,FALSE,FALSE,TRUE,FALSE,FALSE,TRUE,FALSE,FALSE,FALSE,FALSE,TRUE
5183072a-7b29-4a2e-80bb-120f3fcd8bda,sentence,FALSE,FALSE,FALSE,TRUE,FALSE,FALSE,FALSE,TRUE,FALSE,FALSE,FALSE,FALSE
52255569-a048-4098-b40a-a9a96bbc754f,sentence,TRUE,FALSE,FALSE,TRUE,FALSE,FALSE,TRUE,TRUE,FALSE,TRUE,FALSE,TRUE
8585d876-38ad-4846-a5b1-3b8fbd3d8f72,Paraphrasing,FALSE,FALSE,TRUE,FALSE,FALSE,FALSE,TRUE,TRUE,FALSE,FALSE,FALSE,FALSE
a7dcd6a0-c9a3-4aa0-b2ed-3e80a03b2dc7,word,FALSE,FALSE,TRUE,FALSE,TRUE,FALSE,TRUE,TRUE,TRUE,FALSE,FALSE,TRUE
dfeaef6d-d6be-4894-983a-e9484dc3b424,Paraphrasing,TRUE,FALSE,FALSE,TRUE,TRUE,FALSE,FALSE,FALSE,FALSE,FALSE,FALSE,FALSE
796ab4ea-12d3-489a-b7e8-fce2b430107c,sentence,FALSE,FALSE,FALSE,FALSE,TRUE,FALSE,FALSE,FALSE,FALSE,FALSE,FALSE,FALSE
60642271-04f8-4129-af92-c0c6bbb206e3,sentence,TRUE,FALSE,TRUE,FALSE,TRUE,FALSE,TRUE,TRUE,FALSE,FALSE,FALSE,FALSE
31e7354c-de3a-433b-afcf-fa8885569007,Paraphrasing,FALSE,TRUE,FALSE,TRUE,TRUE,FALSE,FALSE,TRUE,FALSE,FALSE,FALSE,FALSE
1295799e-8cd2-4da6-91cf-7515acbd14bf,sentence,TRUE,TRUE,FALSE,FALSE,TRUE,FALSE,FALSE,FALSE,FALSE,FALSE,FALSE,FALSE
78a60b56-2e3a-4fd6-a74f-b5b86f400540,word,FALSE,TRUE,FALSE,FALSE,TRUE,FALSE,TRUE,TRUE,FALSE,FALSE,FALSE,FALSE
3b754b95-8b0a-4d6c-87f5-158d1de303d9,sentence,FALSE,TRUE,TRUE,TRUE,FALSE,FALSE,TRUE,FALSE,FALSE,TRUE,FALSE,FALSE
2f14cad7-8f3a-4a54-b7d8-206c515b780f,sentence,TRUE,FALSE,TRUE,FALSE,FALSE,FALSE,FALSE,TRUE,FALSE,FALSE,FALSE,TRUE
98181079-1081-48ba-bb83-031bb0046b92,Paraphrasing,FALSE,TRUE,TRUE,FALSE,TRUE,FALSE,FALSE,FALSE,FALSE,FALSE,FALSE,TRUE
f2bc4f2e-e7c2-4bea-8fa4-6dd9e0b37474,Paraphrasing,TRUE,FALSE,TRUE,FALSE,FALSE,FALSE,FALSE,TRUE,FALSE,FALSE,FALSE,TRUE
71286e60-5403-401d-98a0-9b0eff4cfa8a,word,FALSE,FALSE,FALSE,TRUE,TRUE,FALSE,FALSE,FALSE,FALSE,FALSE,FALSE,FALSE
befe024d-d480-42dd-9710-7eb1bdb7ff8a,Paraphrasing,FALSE,TRUE,FALSE,FALSE,FALSE,FALSE,TRUE,FALSE,FALSE,TRUE,FALSE,TRUE
a8869d8c-54a0-48db-b8ea-7fee53e32008,sentence,FALSE,FALSE,FALSE,FALSE,TRUE,FALSE,FALSE,TRUE,FALSE,FALSE,FALSE,FALSE
471e2283-f8c4-4e45-9c87-40c815fa73ac,word,TRUE,FALSE,FALSE,TRUE,FALSE,FALSE,FALSE,TRUE,FALSE,TRUE,FALSE,FALSE
3dcdf416-5329-4190-b492-4b83c3c17d5b,Paraphrasing,TRUE,TRUE,FALSE,FALSE,FALSE,FALSE,FALSE,FALSE,FALSE,FALSE,TRUE,TRUE
627654fb-5f7e-4272-a114-6310d451f193,sentence,FALSE,FALSE,FALSE,FALSE,TRUE,FALSE,FALSE,FALSE,FALSE,TRUE,FALSE,TRUE
22a2498f-c807-40bc-9901-49da861f14f1,sentence,FALSE,FALSE,FALSE,TRUE,FALSE,FALSE,FALSE,TRUE,FALSE,FALSE,FALSE,FALSE
8290bb38-7526-410d-b63b-84b2019d4657,Paraphrasing,TRUE,FALSE,TRUE,FALSE,TRUE,FALSE,FALSE,TRUE,FALSE,TRUE,TRUE,TRUE
32075b85-b08a-4503-ac1a-f8d92d2fa29f,Paraphrasing,TRUE,TRUE,FALSE,FALSE,TRUE,FALSE,FALSE,TRUE,FALSE,FALSE,FALSE,FALSE
03ba1bda-c31e-4201-92bc-b5b35b3f0aad,sentence,FALSE,FALSE,TRUE,TRUE,TRUE,FALSE,TRUE,FALSE,FALSE,FALSE,FALSE,FALSE
8a3f1af2-3913-4a4a-a234-136733984d4a,Paraphrasing,TRUE,TRUE,FALSE,TRUE,FALSE,FALSE,FALSE,FALSE,FALSE,FALSE,FALSE,FALSE
9ee3ad28-6f2c-4706-afac-f819a66d1900,sentence,TRUE,FALSE,FALSE,TRUE,TRUE,FALSE,TRUE,FALSE,FALSE,TRUE,FALSE,FALSE
71770122-dc12-4954-84d5-273e789321e3,sentence,TRUE,TRUE,TRUE,TRUE,TRUE,FALSE,TRUE,FALSE,FALSE,FALSE,FALSE,TRUE
2e80030a-9ade-4fdb-b693-444100733c1b,Paraphrasing,FALSE,FALSE,TRUE,FALSE,TRUE,FALSE,FALSE,FALSE,FALSE,FALSE,FALSE,TRUE
c57088f8-7a4e-4826-9d91-2065f345a4ee,sentence,FALSE,FALSE,FALSE,FALSE,TRUE,FALSE,FALSE,FALSE,FALSE,FALSE,FALSE,FALSE
765b576d-0989-450d-93df-1b2d6c329a0c,Paraphrasing,TRUE,FALSE,FALSE,FALSE,TRUE,FALSE,FALSE,TRUE,FALSE,TRUE,FALSE,FALSE
5d10d46d-83a9-4468-9b05-8bdabdc5ea92,sentence,TRUE,TRUE,FALSE,FALSE,FALSE,FALSE,TRUE,FALSE,FALSE,TRUE,FALSE,FALSE
b083a25d-a3c3-47be-8879-949b475d13f6,word,FALSE,FALSE,FALSE,FALSE,TRUE,FALSE,TRUE,TRUE,FALSE,FALSE,FALSE,FALSE
d35e7dfc-d3cf-40b2-8b67-b92572b74222,Paraphrasing,FALSE,FALSE,FALSE,TRUE,FALSE,FALSE,FALSE,FALSE,FALSE,FALSE,FALSE,FALSE
fec30953-c68e-4d9d-9698-384bfe8fe857,sentence,TRUE,TRUE,FALSE,FALSE,TRUE,FALSE,FALSE,FALSE,TRUE,FALSE,FALSE,FALSE
2b7745a1-9e3a-402d-a806-1eebfb18ad5a,sentence,TRUE,TRUE,FALSE,TRUE,TRUE,FALSE,FALSE,FALSE,FALSE,TRUE,FALSE,FALSE
a2878606-f05e-492b-a581-8b00346d40ca,Paraphrasing,FALSE,FALSE,FALSE,FALSE,TRUE,FALSE,TRUE,FALSE,FALSE,FALSE,FALSE,FALSE
f299c071-0f10-4051-9076-3af05bb94d25,Paraphrasing,FALSE,FALSE,FALSE,FALSE,TRUE,FALSE,TRUE,FALSE,FALSE,TRUE,FALSE,TRUE
61b5d18b-450c-4fb7-9f50-47d9df3c22eb,sentence,FALSE,FALSE,TRUE,FALSE,TRUE,FALSE,FALSE,FALSE,FALSE,TRUE,FALSE,FALSE
82fb301a-8c53-4f8e-bde7-be9b27cfb34b,Paraphrasing,FALSE,TRUE,TRUE,TRUE,FALSE,FALSE,TRUE,FALSE,FALSE,FALSE,FALSE,TRUE
8174138e-1a0a-45ce-9938-9777526902dd,sentence,TRUE,FALSE,FALSE,FALSE,FALSE,FALSE,FALSE,FALSE,FALSE,FALSE,TRUE,FALSE
4aa68faa-46af-4c29-a5af-76920608e42e,sentence,FALSE,FALSE,FALSE,TRUE,FALSE,FALSE,FALSE,TRUE,FALSE,FALSE,FALSE,FALSE
a8d36862-b0e3-4147-82a3-6ada95cc4939,Paraphrasing,FALSE,FALSE,FALSE,FALSE,FALSE,FALSE,FALSE,FALSE,FALSE,FALSE,FALSE,TRUE
80898064-5c05-4245-aa6b-5c733567d5c5,sentence,TRUE,FALSE,FALSE,FALSE,TRUE,FALSE,FALSE,FALSE,FALSE,FALSE,FALSE,TRUE
3f51b45f-8dfc-4020-ae9c-83dbe0c2009a,Paraphrasing,FALSE,FALSE,FALSE,TRUE,TRUE,TRUE,FALSE,FALSE,FALSE,TRUE,FALSE,FALSE
a2af46c3-ab6c-4b15-b3e4-205b55d5dd76,Paraphrasing,FALSE,TRUE,FALSE,FALSE,TRUE,FALSE,FALSE,FALSE,FALSE,FALSE,TRUE,TRUE
dc60a861-f7c4-491a-9f98-ffaaf73d4b32,Paraphrasing,FALSE,TRUE,FALSE,FALSE,TRUE,FALSE,FALSE,FALSE,FALSE,FALSE,FALSE,TRUE
27e6ed53-de20-4969-ac97-d1c767e66e8b,sentence,FALSE,FALSE,FALSE,FALSE,FALSE,FALSE,FALSE,FALSE,FALSE,FALSE,FALSE,FALSE
26e62478-4a62-4f71-8449-26edcf3905c0,sentence,TRUE,FALSE,FALSE,TRUE,TRUE,FALSE,TRUE,FALSE,FALSE,FALSE,FALSE,TRUE
ba6be46b-029c-49d7-a56b-f8ec2f6f774a,word,TRUE,TRUE,TRUE,FALSE,TRUE,FALSE,TRUE,TRUE,FALSE,TRUE,FALSE,TRUE
970cf7ed-b730-41a8-9675-85790da3004e,Paraphrasing,FALSE,FALSE,FALSE,FALSE,FALSE,FALSE,TRUE,FALSE,FALSE,FALSE,FALSE,FALSE
3c9de9fe-20e8-4b46-b795-f474a6cc1ccb,Paraphrasing,FALSE,TRUE,FALSE,FALSE,FALSE,FALSE,TRUE,FALSE,FALSE,TRUE,FALSE,TRUE
3f7f71e4-82a7-4ad4-8bb1-4a02e11cb1b9,sentence,TRUE,FALSE,FALSE,TRUE,TRUE,FALSE,FALSE,FALSE,FALSE,FALSE,FALSE,FALSE
0a17cbf9-397b-4382-9ce0-0fd835626775,Paraphrasing,FALSE,FALSE,FALSE,FALSE,FALSE,FALSE,FALSE,TRUE,FALSE,FALSE,FALSE,FALSE
beb8a610-250a-4f87-98ec-0bd59bbd472e,sentence,FALSE,FALSE,TRUE,TRUE,FALSE,FALSE,TRUE,FALSE,FALSE,FALSE,FALSE,FALSE
dce8a563-9c78-4ace-8ca1-3e1b6fd2b1b6,sentence,TRUE,FALSE,FALSE,FALSE,FALSE,FALSE,TRUE,FALSE,FALSE,TRUE,FALSE,FALSE
cf7775ef-c8ba-4ed9-8599-3dbadf7621b7,sentence,TRUE,FALSE,FALSE,TRUE,TRUE,FALSE,TRUE,FALSE,TRUE,FALSE,FALSE,FALSE
e4724aa4-c974-43b9-902b-9e0a50e21465,sentence,TRUE,FALSE,FALSE,TRUE,TRUE,FALSE,FALSE,FALSE,FALSE,FALSE,FALSE,FALSE
0edacb01-c9c8-4f8e-bf3f-f43518f03213,Paraphrasing,TRUE,FALSE,TRUE,FALSE,TRUE,FALSE,FALSE,FALSE,FALSE,FALSE,FALSE,FALSE
424f971e-837d-4cae-a7cb-80d6aea40b1a,sentence,TRUE,FALSE,TRUE,FALSE,FALSE,FALSE,FALSE,FALSE,FALSE,FALSE,FALSE,FALSE
9fdef8c0-2910-4eb7-8f79-979dea4b7aa1,Paraphrasing,TRUE,FALSE,TRUE,TRUE,FALSE,FALSE,FALSE,TRUE,FALSE,TRUE,FALSE,TRUE
c761de18-82df-47ad-a7ba-1e97533a2406,Paraphrasing,TRUE,FALSE,FALSE,TRUE,TRUE,FALSE,FALSE,FALSE,FALSE,FALSE,FALSE,TRUE
1a4ca91d-6bae-4a04-b605-b9a645099621,sentence,FALSE,TRUE,FALSE,TRUE,FALSE,FALSE,TRUE,FALSE,FALSE,TRUE,FALSE,FALSE
64f920dc-a877-4397-9b07-f144432fa0ca,Paraphrasing,FALSE,FALSE,FALSE,TRUE,TRUE,FALSE,FALSE,FALSE,FALSE,TRUE,FALSE,TRUE
88670c09-ace5-49cb-960d-3eb7ddaf950e,sentence,FALSE,FALSE,FALSE,FALSE,FALSE,FALSE,TRUE,FALSE,FALSE,TRUE,FALSE,TRUE
4eec9565-76b4-4dc4-91df-479c71dcef70,Paraphrasing,FALSE,FALSE,FALSE,FALSE,TRUE,FALSE,TRUE,FALSE,FALSE,FALSE,FALSE,FALSE
dcc66657-38b2-4f66-88de-8edfab3399d5,sentence,FALSE,FALSE,TRUE,FALSE,TRUE,FALSE,FALSE,FALSE,FALSE,FALSE,FALSE,FALSE
d18c71ac-cd73-44a3-8e2f-0bfa247ba70b,sentence,FALSE,FALSE,FALSE,FALSE,TRUE,FALSE,FALSE,FALSE,FALSE,FALSE,FALSE,TRUE
55384f51-96ba-4ce5-91b0-2a5f55e1b028,sentence,TRUE,TRUE,TRUE,FALSE,TRUE,FALSE,TRUE,TRUE,FALSE,FALSE,FALSE,FALSE
ca30ecd2-9808-4e52-9c0e-4b9e0ffb3f8d,Paraphrasing,FALSE,TRUE,FALSE,FALSE,TRUE,FALSE,FALSE,FALSE,FALSE,TRUE,FALSE,TRUE
2f595ff8-e86c-4de5-aa27-211501bc5a4d,sentence,FALSE,FALSE,FALSE,TRUE,FALSE,FALSE,TRUE,FALSE,FALSE,FALSE,FALSE,FALSE
0bb7c691-b1cc-4082-8f25-c56790ace781,sentence,TRUE,TRUE,FALSE,FALSE,TRUE,FALSE,FALSE,TRUE,FALSE,FALSE,FALSE,TRUE
811ef3dd-2646-4008-967e-009049c2624a,Paraphrasing,TRUE,TRUE,FALSE,FALSE,FALSE,FALSE,FALSE,FALSE,FALSE,FALSE,FALSE,TRUE
e5d75f5b-9c53-4698-a49a-4559715831e3,Paraphrasing,TRUE,FALSE,FALSE,FALSE,FALSE,FALSE,TRUE,FALSE,FALSE,TRUE,TRUE,TRUE
19b67b77-cb21-48dc-bde9-87f8670a1538,Paraphrasing,FALSE,FALSE,FALSE,FALSE,TRUE,FALSE,TRUE,TRUE,FALSE,FALSE,FALSE,FALSE
705a69e2-7aeb-4c94-a1fb-2997d11e74ca,Paraphrasing,TRUE,TRUE,FALSE,FALSE,FALSE,FALSE,FALSE,FALSE,FALSE,FALSE,FALSE,FALSE
6318c4bc-e94f-46d1-b8cb-cbf9c8bb2d58,Paraphrasing,FALSE,FALSE,FALSE,FALSE,FALSE,FALSE,FALSE,FALSE,FALSE,FALSE,FALSE,FALSE
0a6db8cc-a132-4588-b5d5-2ea500b33c05,word,TRUE,TRUE,FALSE,FALSE,FALSE,FALSE,FALSE,TRUE,FALSE,FALSE,FALSE,TRUE
f1911438-d757-4798-953e-eee6c5397dc6,Paraphrasing,FALSE,FALSE,FALSE,FALSE,FALSE,FALSE,FALSE,FALSE,FALSE,FALSE,FALSE,TRUE
ff38333b-722a-4c39-94b7-5ba1dfc6e556,Paraphrasing,TRUE,TRUE,FALSE,FALSE,FALSE,FALSE,TRUE,FALSE,FALSE,TRUE,FALSE,FALSE
1c8ba79c-6fc7-4e34-bd66-25a2491688fa,sentence,FALSE,FALSE,FALSE,FALSE,FALSE,FALSE,FALSE,FALSE,FALSE,TRUE,FALSE,FALSE
add4b967-73e6-428c-8b76-0d35e20d61a4,Paraphrasing,FALSE,FALSE,FALSE,FALSE,TRUE,FALSE,FALSE,FALSE,FALSE,FALSE,FALSE,FALSE
cd0399d2-96c1-4a2c-a0e4-2361312a0bf8,sentence,TRUE,FALSE,FALSE,TRUE,TRUE,FALSE,TRUE,FALSE,TRUE,FALSE,FALSE,FALSE
81e69e5d-2cb1-4059-b497-b43577392a99,Paraphrasing,FALSE,FALSE,FALSE,FALSE,TRUE,FALSE,FALSE,FALSE,FALSE,FALSE,FALSE,FALSE
d0eb84f3-8e7a-40b3-b1e2-84689b5e30d4,word,FALSE,FALSE,FALSE,FALSE,TRUE,FALSE,FALSE,FALSE,FALSE,FALSE,FALSE,FALSE
696f32ce-3d68-41ec-96d9-7b958fc4cde0,sentence,FALSE,FALSE,FALSE,TRUE,TRUE,FALSE,FALSE,TRUE,FALSE,FALSE,FALSE,FALSE
7acdda01-c6b2-4523-b316-cc71a39e9850,sentence,FALSE,FALSE,FALSE,FALSE,TRUE,FALSE,TRUE,FALSE,FALSE,TRUE,TRUE,FALSE
eb534ad9-b837-42b2-9d9f-863d22de6183,Paraphrasing,FALSE,TRUE,FALSE,TRUE,TRUE,FALSE,TRUE,FALSE,FALSE,TRUE,FALSE,FALSE
173df287-22f6-49b8-8d63-f422129e0dfe,sentence,FALSE,FALSE,FALSE,FALSE,TRUE,FALSE,TRUE,FALSE,FALSE,FALSE,FALSE,FALSE
e450d3ff-2902-4182-96d9-eadf4e570a1a,sentence,FALSE,FALSE,FALSE,TRUE,TRUE,FALSE,FALSE,FALSE,FALSE,FALSE,FALSE,FALSE
ad2a375a-a800-48a6-881a-7c034f4b3f9d,Paraphrasing,TRUE,FALSE,FALSE,FALSE,TRUE,FALSE,TRUE,FALSE,TRUE,FALSE,FALSE,FALSE
fa858dfd-9b76-4b82-9c28-d6af70649a5c,sentence,FALSE,FALSE,FALSE,TRUE,TRUE,FALSE,FALSE,FALSE,FALSE,FALSE,FALSE,FALSE
0d6425fa-bf7d-47e9-803c-4918ebbfe1de,Paraphrasing,FALSE,FALSE,FALSE,FALSE,TRUE,FALSE,FALSE,FALSE,FALSE,FALSE,FALSE,TRUE
10580bae-a7cf-483f-aa01-49626781a87e,Paraphrasing,FALSE,FALSE,FALSE,FALSE,FALSE,FALSE,TRUE,TRUE,FALSE,FALSE,FALSE,FALSE
115cd979-a1f5-460d-90ff-4c1fc637f930,sentence,FALSE,FALSE,TRUE,FALSE,TRUE,FALSE,TRUE,FALSE,FALSE,TRUE,FALSE,TRUE
33ccaec6-8ae3-4569-8a79-05ccb6b27184,sentence,FALSE,FALSE,FALSE,FALSE,FALSE,FALSE,FALSE,TRUE,FALSE,TRUE,FALSE,FALSE
b358c39f-5c1a-4274-890e-e7ef1b44cc09,sentence,TRUE,FALSE,TRUE,TRUE,TRUE,FALSE,TRUE,FALSE,FALSE,FALSE,FALSE,TRUE
2ad820ab-e57f-4652-bd55-8d65676cc26a,word,TRUE,FALSE,FALSE,FALSE,TRUE,FALSE,TRUE,TRUE,FALSE,TRUE,FALSE,FALSE
a4d8103f-fb5b-47b5-9bb0-619a13fff746,Paraphrasing,FALSE,TRUE,FALSE,TRUE,TRUE,FALSE,TRUE,FALSE,FALSE,TRUE,FALSE,TRUE
047d8c8e-c97e-408f-a29d-2d1650e82a18,sentence,TRUE,FALSE,FALSE,FALSE,TRUE,FALSE,TRUE,FALSE,FALSE,TRUE,FALSE,TRUE
5c3cb984-1027-4986-a083-c464fd765beb,word,TRUE,TRUE,FALSE,FALSE,TRUE,FALSE,FALSE,TRUE,FALSE,TRUE,FALSE,TRUE
e56d5c8d-221c-4388-9a15-c38af332120c,Paraphrasing,FALSE,FALSE,FALSE,FALSE,TRUE,FALSE,FALSE,FALSE,FALSE,FALSE,FALSE,TRUE
cb08f9a9-81a8-46e8-a72e-22252f55a984,Paraphrasing,FALSE,FALSE,TRUE,FALSE,FALSE,FALSE,TRUE,TRUE,TRUE,FALSE,FALSE,TRUE
aff182db-fdb7-40d4-b5e1-b7832062b4c8,sentence,FALSE,TRUE,FALSE,FALSE,FALSE,FALSE,TRUE,FALSE,FALSE,TRUE,FALSE,TRUE
90396c59-53e9-41fd-b6c2-fe87d57e0064,sentence,FALSE,FALSE,TRUE,FALSE,TRUE,FALSE,TRUE,TRUE,FALSE,TRUE,FALSE,FALSE
cca245f8-ea9f-4110-87c5-9b23b17ce789,Paraphrasing,FALSE,FALSE,TRUE,TRUE,TRUE,FALSE,FALSE,FALSE,FALSE,FALSE,FALSE,FALSE
69e3f1f0-05e6-44cc-9afe-e63859802612,word,FALSE,FALSE,TRUE,TRUE,FALSE,FALSE,FALSE,FALSE,FALSE,TRUE,FALSE,TRUE
ca41e234-633f-4b0b-8f7f-7cca85b688ea,Paraphrasing,FALSE,FALSE,FALSE,FALSE,TRUE,FALSE,FALSE,FALSE,FALSE,FALSE,FALSE,FALSE
900e1a7a-c221-4b15-9998-750301bd6a31,sentence,TRUE,FALSE,TRUE,FALSE,TRUE,FALSE,FALSE,FALSE,FALSE,FALSE,FALSE,TRUE
d2f91b44-c9d8-4739-916c-b6a555db3fb2,Paraphrasing,FALSE,FALSE,TRUE,FALSE,TRUE,FALSE,FALSE,FALSE,FALSE,FALSE,FALSE,TRUE
b6c98944-3cb1-4d9d-877d-bb5d463526a5,sentence,FALSE,FALSE,TRUE,FALSE,FALSE,FALSE,FALSE,FALSE,FALSE,FALSE,FALSE,FALSE
79afda6c-31b6-4201-ad86-233ab808ef8d,Paraphrasing,FALSE,FALSE,TRUE,FALSE,TRUE,FALSE,TRUE,TRUE,FALSE,FALSE,FALSE,FALSE
caae8e0c-2dd1-40f5-9444-5a41c6ec5093,word,FALSE,FALSE,FALSE,TRUE,TRUE,FALSE,FALSE,TRUE,FALSE,TRUE,FALSE,FALSE
36911b38-b7c2-44c1-81c9-6fd7e5baa8b0,sentence,FALSE,FALSE,FALSE,TRUE,TRUE,FALSE,FALSE,FALSE,FALSE,FALSE,FALSE,FALSE
f558675a-1600-4c49-b0f8-8bb238e57d17,Paraphrasing,FALSE,TRUE,FALSE,TRUE,TRUE,FALSE,TRUE,TRUE,FALSE,FALSE,FALSE,TRUE
267b00f2-70b5-47ae-9fb8-26f990752396,Paraphrasing,TRUE,TRUE,TRUE,FALSE,FALSE,FALSE,FALSE,FALSE,FALSE,FALSE,FALSE,TRUE
d06e3657-9028-4d55-adf2-ad63bdbcf407,Paraphrasing,TRUE,TRUE,FALSE,FALSE,TRUE,FALSE,FALSE,FALSE,FALSE,FALSE,FALSE,FALSE
ae34fa14-8288-44d9-a1e8-b56ce11408aa,word,FALSE,FALSE,FALSE,FALSE,TRUE,FALSE,TRUE,FALSE,FALSE,FALSE,FALSE,FALSE
78b13b6b-f8da-46f8-8eb7-a4c875bae08b,Paraphrasing,TRUE,FALSE,TRUE,TRUE,TRUE,FALSE,FALSE,FALSE,FALSE,FALSE,FALSE,TRUE
fbd3cadc-ed50-4384-91f2-cd769e228235,Paraphrasing,FALSE,FALSE,FALSE,FALSE,TRUE,FALSE,TRUE,FALSE,FALSE,FALSE,FALSE,TRUE
f0fdfa37-a5cd-4afc-b01e-59ec46e2e249,sentence,TRUE,TRUE,TRUE,FALSE,TRUE,FALSE,FALSE,FALSE,FALSE,FALSE,FALSE,FALSE
886c5f73-22f4-4f15-8954-95a544c2bd04,Paraphrasing,FALSE,TRUE,FALSE,FALSE,FALSE,FALSE,TRUE,TRUE,FALSE,TRUE,FALSE,FALSE
2685ba6d-8b1c-462c-af50-ae5381d64172,word,FALSE,FALSE,FALSE,FALSE,TRUE,TRUE,FALSE,TRUE,FALSE,TRUE,FALSE,FALSE
29b08f00-d2bc-47b6-966e-6da1036f069a,sentence,FALSE,FALSE,FALSE,FALSE,TRUE,FALSE,TRUE,FALSE,FALSE,TRUE,FALSE,TRUE
e40b2aad-3873-4b37-9d90-a264abfc7e74,sentence,TRUE,FALSE,TRUE,FALSE,TRUE,FALSE,TRUE,FALSE,FALSE,FALSE,FALSE,FALSE
217c5791-7a72-45d0-b3e8-1b4f20734f3a,sentence,FALSE,FALSE,FALSE,FALSE,TRUE,FALSE,FALSE,FALSE,FALSE,FALSE,FALSE,FALSE
bcf843de-e50c-4380-b7d9-ff504a0f1d6e,Paraphrasing,FALSE,FALSE,FALSE,FALSE,TRUE,FALSE,TRUE,TRUE,FALSE,FALSE,FALSE,FALSE
10dff8fb-1f57-4261-8f75-4abf667e5f93,Paraphrasing,FALSE,FALSE,FALSE,FALSE,TRUE,FALSE,FALSE,FALSE,FALSE,FALSE,FALSE,TRUE
f541394c-6ab4-44e3-aa74-74830387f1a8,Paraphrasing,TRUE,TRUE,FALSE,FALSE,TRUE,FALSE,TRUE,FALSE,FALSE,FALSE,FALSE,FALSE
e7c6b024-bdc4-4231-a5fb-04398e400e5a,sentence,FALSE,TRUE,TRUE,FALSE,TRUE,FALSE,TRUE,FALSE,FALSE,TRUE,FALSE,FALSE
ed5d6365-1862-4e67-8118-41630999a060,Paraphrasing,TRUE,FALSE,FALSE,TRUE,TRUE,FALSE,TRUE,FALSE,FALSE,FALSE,FALSE,TRUE
3a717ae2-4c3c-4d81-a163-be9eede03fe5,word,TRUE,FALSE,FALSE,FALSE,TRUE,FALSE,TRUE,TRUE,FALSE,FALSE,FALSE,TRUE
9f5c5186-d29d-4914-9be6-917ae7520f5e,Paraphrasing,TRUE,FALSE,TRUE,FALSE,TRUE,FALSE,TRUE,FALSE,FALSE,FALSE,FALSE,FALSE
fb8557d0-f43a-4910-8e9e-6a42c3c6d0ff,Ambiguous Inference,TRUE,TRUE,FALSE,FALSE,FALSE,FALSE,FALSE,TRUE,TRUE,TRUE,FALSE,FALSE
68f6af39-ea81-44b7-aefc-edf5a198dc4a,Paraphrasing,TRUE,FALSE,FALSE,FALSE,FALSE,FALSE,TRUE,TRUE,FALSE,FALSE,FALSE,TRUE
cd779b2b-1964-44a3-a00c-f1f51633dcac,Paraphrasing,TRUE,TRUE,FALSE,TRUE,TRUE,FALSE,FALSE,TRUE,FALSE,TRUE,FALSE,TRUE
4ea69358-703b-4256-8d35-b0db9a455ec2,Paraphrasing,FALSE,FALSE,FALSE,FALSE,TRUE,FALSE,TRUE,TRUE,FALSE,FALSE,FALSE,TRUE
32377c55-fdef-4b49-804c-9ea5f964f67b,sentence,TRUE,FALSE,TRUE,FALSE,TRUE,FALSE,TRUE,FALSE,FALSE,FALSE,FALSE,FALSE
bb996fce-3cb3-4f2e-bf0e-f689ee6932f4,Paraphrasing,TRUE,FALSE,FALSE,TRUE,TRUE,FALSE,FALSE,FALSE,FALSE,FALSE,FALSE,FALSE
fa1e1318-d400-4dca-89da-cafd10680944,Paraphrasing,FALSE,TRUE,FALSE,TRUE,TRUE,FALSE,FALSE,FALSE,FALSE,FALSE,FALSE,FALSE
0ddb5cc9-a0a3-4d6e-8271-d6e9046164f8,sentence,FALSE,FALSE,FALSE,TRUE,TRUE,FALSE,TRUE,FALSE,FALSE,TRUE,FALSE,TRUE
732d31b0-0c2d-4ae0-a374-8592dc480df9,sentence,TRUE,FALSE,FALSE,FALSE,TRUE,FALSE,TRUE,TRUE,FALSE,TRUE,FALSE,TRUE
a5dbdbe4-d1b4-4cca-abc3-437cea2b8989,sentence,FALSE,FALSE,FALSE,FALSE,TRUE,FALSE,TRUE,TRUE,FALSE,TRUE,FALSE,TRUE
fd1fec57-08d2-4274-91b0-6160b41f164f,sentence,TRUE,FALSE,FALSE,FALSE,TRUE,FALSE,FALSE,FALSE,FALSE,TRUE,FALSE,FALSE
800c65e1-0a7d-4058-a943-a2f22efa1251,sentence,FALSE,TRUE,TRUE,FALSE,FALSE,FALSE,FALSE,FALSE,FALSE,FALSE,FALSE,FALSE
e6aa4d18-ca05-41c2-a28b-067c52d59be1,Paraphrasing,TRUE,FALSE,FALSE,FALSE,TRUE,FALSE,TRUE,TRUE,FALSE,FALSE,FALSE,TRUE
05f00a90-899f-4138-8452-352e2787ef9d,Ambiguous Inference,TRUE,TRUE,FALSE,FALSE,FALSE,FALSE,TRUE,TRUE,FALSE,FALSE,FALSE,TRUE
84b1b98f-1e3b-460b-92a7-ef7b8f87e76a,sentence,TRUE,TRUE,FALSE,FALSE,FALSE,FALSE,FALSE,FALSE,FALSE,TRUE,FALSE,FALSE
c39a117f-2925-45d7-8bbb-41aeb4288587,Paraphrasing,TRUE,FALSE,FALSE,FALSE,TRUE,FALSE,FALSE,FALSE,FALSE,FALSE,FALSE,TRUE
ebe0057c-473b-4a3b-8361-746a9fbbf39c,sentence,FALSE,TRUE,FALSE,TRUE,TRUE,FALSE,FALSE,FALSE,FALSE,FALSE,FALSE,FALSE
9bfb6178-81b2-4ea4-8571-3fc395b35de4,Paraphrasing,FALSE,TRUE,FALSE,FALSE,TRUE,FALSE,FALSE,TRUE,FALSE,FALSE,TRUE,FALSE
1bb9dd9a-3abd-4368-9243-dde533686572,Paraphrasing,TRUE,FALSE,FALSE,TRUE,TRUE,FALSE,FALSE,FALSE,FALSE,TRUE,FALSE,FALSE
0d7b20c2-000f-4049-9d07-9a0187a1d46f,sentence,TRUE,FALSE,FALSE,FALSE,TRUE,FALSE,FALSE,FALSE,FALSE,FALSE,FALSE,TRUE
e173545d-f2fa-4f12-b117-58b2def77753,sentence,FALSE,TRUE,FALSE,FALSE,FALSE,FALSE,TRUE,FALSE,FALSE,TRUE,FALSE,TRUE
2161aee4-5906-4e0c-967d-dff83f59a304,Paraphrasing,TRUE,FALSE,FALSE,FALSE,FALSE,FALSE,FALSE,TRUE,FALSE,FALSE,FALSE,FALSE
3200606c-05e1-4aca-93e9-047de5a933ec,Paraphrasing,FALSE,FALSE,FALSE,FALSE,FALSE,FALSE,FALSE,FALSE,FALSE,FALSE,FALSE,TRUE
d59bdca1-4056-415b-9a7e-11d60e545af8,Paraphrasing,FALSE,FALSE,FALSE,TRUE,FALSE,FALSE,FALSE,FALSE,FALSE,FALSE,FALSE,TRUE
20e398b2-135e-490f-bd48-df8864229f48,word,FALSE,FALSE,FALSE,FALSE,TRUE,FALSE,TRUE,TRUE,FALSE,FALSE,FALSE,FALSE
7502cdcb-1e6f-47af-adc4-6e7c292f3e8b,Paraphrasing,TRUE,FALSE,FALSE,FALSE,TRUE,FALSE,FALSE,FALSE,FALSE,TRUE,FALSE,TRUE
3bef731d-076d-4d20-a722-a2f8c2668796,sentence,FALSE,TRUE,FALSE,FALSE,TRUE,FALSE,FALSE,FALSE,TRUE,FALSE,FALSE,FALSE
07e6627f-e1c5-4cee-9b4e-0b951d508d42,sentence,FALSE,TRUE,FALSE,FALSE,FALSE,FALSE,FALSE,FALSE,FALSE,FALSE,FALSE,TRUE
bf02c548-9458-4b48-a482-5cfb4031d7a7,sentence,FALSE,FALSE,FALSE,TRUE,TRUE,FALSE,FALSE,FALSE,FALSE,FALSE,FALSE,FALSE
8f84b194-2974-4c3f-8d09-b38810462fde,sentence,TRUE,TRUE,TRUE,FALSE,FALSE,FALSE,FALSE,FALSE,FALSE,FALSE,FALSE,TRUE
d313ed5f-56c3-40ee-918a-efeef6818d88,sentence,FALSE,FALSE,FALSE,TRUE,TRUE,FALSE,TRUE,TRUE,FALSE,FALSE,FALSE,FALSE
c080b61b-7467-4eb8-8c36-096451d16182,word,TRUE,FALSE,FALSE,TRUE,FALSE,FALSE,FALSE,FALSE,FALSE,FALSE,FALSE,FALSE
6e9efc4e-6b0a-412f-95af-8ace0483644d,Paraphrasing,TRUE,TRUE,FALSE,FALSE,FALSE,TRUE,TRUE,TRUE,FALSE,FALSE,TRUE,FALSE
d2ccb926-7d8c-42fe-9f05-2cd66fcfb4fc,Paraphrasing,FALSE,TRUE,FALSE,FALSE,FALSE,FALSE,TRUE,TRUE,TRUE,FALSE,FALSE,FALSE
5af670c5-f7db-4f79-9407-054bb817fe93,Paraphrasing,TRUE,FALSE,FALSE,FALSE,TRUE,FALSE,FALSE,TRUE,FALSE,FALSE,FALSE,TRUE
4edea61b-cb7e-4650-a6ff-08b12a283e1f,sentence,TRUE,FALSE,FALSE,FALSE,TRUE,FALSE,TRUE,TRUE,FALSE,FALSE,FALSE,TRUE
7be7b198-e925-4349-8f62-68e6fd50994a,Paraphrasing,FALSE,FALSE,TRUE,TRUE,TRUE,FALSE,TRUE,TRUE,FALSE,FALSE,FALSE,TRUE
2490798c-c929-4518-be1b-60a7bf447f02,Paraphrasing,FALSE,TRUE,TRUE,FALSE,FALSE,FALSE,FALSE,TRUE,FALSE,FALSE,FALSE,TRUE
2e52f1ec-fada-4834-b9ec-49d24504e07d,sentence,FALSE,FALSE,FALSE,FALSE,TRUE,FALSE,FALSE,FALSE,FALSE,FALSE,FALSE,FALSE
cd681552-f7d4-4df2-b6eb-19f116383b4a,sentence,TRUE,FALSE,FALSE,FALSE,FALSE,FALSE,TRUE,TRUE,FALSE,TRUE,FALSE,TRUE
6de23ad3-39be-46ae-bc2f-eefa0a636059,word,FALSE,TRUE,FALSE,FALSE,TRUE,FALSE,FALSE,FALSE,FALSE,TRUE,FALSE,FALSE
9eaf8117-275d-421c-a7b1-031caf44006f,Paraphrasing,FALSE,FALSE,FALSE,TRUE,TRUE,FALSE,TRUE,TRUE,FALSE,FALSE,FALSE,FALSE
0318f3a8-92aa-4fa9-8d6e-01b4d87f17ec,word,TRUE,FALSE,FALSE,FALSE,TRUE,FALSE,FALSE,FALSE,FALSE,FALSE,FALSE,FALSE
6e39e409-bb18-482b-a8f2-54cec56943b4,Paraphrasing,FALSE,FALSE,FALSE,FALSE,FALSE,FALSE,TRUE,FALSE,FALSE,FALSE,FALSE,FALSE
eeba73c7-ebe6-46d0-9dfe-939e794a90b7,Paraphrasing,FALSE,FALSE,FALSE,FALSE,TRUE,FALSE,TRUE,FALSE,FALSE,TRUE,FALSE,FALSE
212586fb-ba53-4ae5-badb-1abad56161e1,sentence,FALSE,FALSE,FALSE,TRUE,TRUE,FALSE,FALSE,FALSE,FALSE,FALSE,FALSE,TRUE
55baff05-b025-458b-9cfb-9e9c7baa891f,word,FALSE,FALSE,FALSE,FALSE,TRUE,FALSE,FALSE,FALSE,FALSE,FALSE,FALSE,FALSE
6516aa86-f856-4411-a128-2dbeba8102bd,sentence,TRUE,FALSE,FALSE,FALSE,TRUE,FALSE,TRUE,FALSE,FALSE,FALSE,FALSE,FALSE
9ddff691-93e2-4af9-a29a-e391be79cef7,Paraphrasing,FALSE,FALSE,FALSE,FALSE,TRUE,FALSE,FALSE,FALSE,FALSE,FALSE,FALSE,TRUE
aa19d4d6-195a-41aa-a23c-ecef6cf5b783,sentence,FALSE,TRUE,FALSE,TRUE,FALSE,FALSE,TRUE,TRUE,FALSE,FALSE,FALSE,FALSE
e18c3d41-93e3-46b5-9e8e-3d9900f6b492,sentence,FALSE,FALSE,FALSE,FALSE,TRUE,FALSE,FALSE,FALSE,FALSE,FALSE,FALSE,TRUE
015ffed1-7ff9-49bc-88c6-30b758dc6edf,Paraphrasing,FALSE,FALSE,TRUE,FALSE,FALSE,FALSE,TRUE,TRUE,FALSE,TRUE,FALSE,FALSE
9e448d89-e86b-457f-90b2-9180181e0575,Paraphrasing,FALSE,TRUE,FALSE,FALSE,FALSE,FALSE,FALSE,TRUE,FALSE,FALSE,FALSE,FALSE
82f0d2f5-90e9-4c93-a97e-d57022758f18,sentence,TRUE,TRUE,FALSE,FALSE,TRUE,FALSE,FALSE,FALSE,FALSE,FALSE,FALSE,TRUE
2b64dde2-62d0-47f4-9475-768f27b922fd,Paraphrasing,TRUE,TRUE,FALSE,FALSE,TRUE,FALSE,TRUE,FALSE,FALSE,FALSE,FALSE,FALSE
7ddedcff-cdf4-49b1-9fda-8e0cb6f9fd45,Paraphrasing,TRUE,TRUE,FALSE,FALSE,TRUE,FALSE,TRUE,FALSE,TRUE,FALSE,FALSE,FALSE
20eba2e4-0a0a-4595-8e17-5d1c9adb3a40,sentence,FALSE,FALSE,FALSE,FALSE,TRUE,FALSE,TRUE,TRUE,FALSE,FALSE,FALSE,FALSE
b1efeb4c-1626-4ec9-ad7c-b605ece908ff,Paraphrasing,FALSE,FALSE,FALSE,FALSE,TRUE,FALSE,FALSE,FALSE,FALSE,FALSE,FALSE,FALSE
c8875704-74c7-48af-b6d9-2b9cb6b1ea8b,sentence,FALSE,FALSE,TRUE,TRUE,FALSE,FALSE,FALSE,FALSE,FALSE,FALSE,FALSE,TRUE
4b4eaf85-7b39-489e-a83e-9da41dd23f22,sentence,TRUE,FALSE,FALSE,FALSE,FALSE,FALSE,TRUE,FALSE,FALSE,FALSE,FALSE,TRUE
a5d1a221-307a-4f9a-8ee1-dc235aad4b7d,Paraphrasing,FALSE,TRUE,FALSE,FALSE,FALSE,FALSE,TRUE,TRUE,FALSE,TRUE,FALSE,FALSE
a29e4877-6e82-47c6-af69-511fc6add0f2,sentence,FALSE,TRUE,FALSE,TRUE,FALSE,FALSE,FALSE,FALSE,FALSE,FALSE,FALSE,FALSE
dea87ee2-8a99-4ced-be0b-f900776a44f6,word,TRUE,FALSE,FALSE,FALSE,TRUE,FALSE,TRUE,TRUE,FALSE,TRUE,FALSE,TRUE
fd232283-b8b2-4199-bb37-5ab1d4b9c18d,Paraphrasing,TRUE,FALSE,FALSE,FALSE,TRUE,FALSE,FALSE,FALSE,FALSE,FALSE,FALSE,FALSE
89bfaddd-b035-4c1e-b096-f40b90c7af11,sentence,TRUE,FALSE,FALSE,FALSE,TRUE,FALSE,TRUE,TRUE,FALSE,FALSE,FALSE,TRUE
70c330f0-3eab-4a4a-98b8-6ff53b17a8f9,Paraphrasing,TRUE,TRUE,FALSE,FALSE,FALSE,FALSE,FALSE,TRUE,FALSE,FALSE,FALSE,FALSE
11d6d183-74b0-41cf-bfce-04c05a940b38,pc,FALSE,TRUE,TRUE,TRUE,FALSE,FALSE,TRUE,FALSE,FALSE,TRUE,FALSE,TRUE
b0d3a9eb-5b87-45ca-a12e-cac355c30cbc,sentence,FALSE,FALSE,FALSE,FALSE,FALSE,FALSE,TRUE,TRUE,FALSE,FALSE,FALSE,FALSE
f231d08c-e6b7-4513-afea-6f5ea21c5ea9,sentence,FALSE,TRUE,FALSE,FALSE,TRUE,FALSE,TRUE,TRUE,FALSE,FALSE,FALSE,FALSE
4d87b489-5309-46bd-a431-49b799b5b896,sentence,FALSE,FALSE,TRUE,FALSE,FALSE,FALSE,TRUE,FALSE,FALSE,TRUE,FALSE,TRUE
5f0d7daa-e968-4ee8-bb9d-f0133269922f,word,FALSE,FALSE,FALSE,TRUE,TRUE,FALSE,FALSE,FALSE,FALSE,FALSE,FALSE,FALSE
0b28e731-b8dd-4a86-ac42-fa8eeccd9888,sentence,FALSE,TRUE,FALSE,FALSE,FALSE,FALSE,TRUE,TRUE,FALSE,FALSE,FALSE,TRUE
a506d2c9-1ff5-4094-bfbe-e4e80bc6215a,word,FALSE,FALSE,FALSE,TRUE,TRUE,FALSE,FALSE,TRUE,FALSE,FALSE,FALSE,FALSE
0bce7a95-175d-41d0-bb5d-21e759baf220,Paraphrasing,TRUE,FALSE,FALSE,FALSE,TRUE,FALSE,FALSE,FALSE,FALSE,FALSE,FALSE,FALSE
8e39f61f-2d96-460d-b99e-daf36af614f0,sentence,TRUE,TRUE,FALSE,FALSE,TRUE,FALSE,TRUE,FALSE,FALSE,FALSE,FALSE,TRUE
5e9d00fb-385b-4762-9285-5ee6e76b9085,word,FALSE,FALSE,FALSE,FALSE,TRUE,FALSE,FALSE,FALSE,FALSE,TRUE,FALSE,FALSE
6b0839e1-5e9f-4c62-919c-5c8f73e016aa,Paraphrasing,TRUE,TRUE,FALSE,FALSE,TRUE,FALSE,FALSE,FALSE,FALSE,FALSE,FALSE,TRUE
d1857e28-aa9a-4afe-9132-ab27a8477924,word,FALSE,TRUE,FALSE,TRUE,FALSE,FALSE,TRUE,FALSE,FALSE,TRUE,FALSE,FALSE
d6beb21e-c803-4d1d-887c-ab45d6fe3907,sentence,TRUE,FALSE,FALSE,FALSE,TRUE,FALSE,FALSE,FALSE,FALSE,FALSE,FALSE,TRUE
95ca9c40-0826-4efd-9f2f-0bc3828e1dff,Paraphrasing,TRUE,TRUE,FALSE,FALSE,TRUE,FALSE,TRUE,TRUE,FALSE,FALSE,FALSE,FALSE
c19bebdd-ac5b-413e-9052-1a5e15e5b31c,sentence,FALSE,FALSE,FALSE,TRUE,TRUE,FALSE,TRUE,TRUE,FALSE,TRUE,FALSE,TRUE
d1eef4fb-c303-4226-9519-54211561b425,sentence,FALSE,FALSE,FALSE,TRUE,TRUE,FALSE,FALSE,FALSE,FALSE,FALSE,FALSE,FALSE
ecd647bb-a30b-405d-913e-3a19011b092d,Paraphrasing,FALSE,FALSE,FALSE,FALSE,FALSE,FALSE,TRUE,FALSE,FALSE,FALSE,FALSE,TRUE
a08e92e0-8aab-4f08-8bad-799b20d8b750,Paraphrasing,FALSE,TRUE,TRUE,FALSE,FALSE,FALSE,FALSE,FALSE,FALSE,TRUE,FALSE,TRUE
17277360-5208-4dc2-b98f-da9dea534211,sentence,FALSE,FALSE,FALSE,FALSE,TRUE,FALSE,FALSE,FALSE,FALSE,FALSE,FALSE,TRUE
6fba848e-7b8c-4d7b-9eab-40f8d2add906,Paraphrasing,FALSE,FALSE,FALSE,FALSE,TRUE,FALSE,TRUE,TRUE,FALSE,TRUE,FALSE,FALSE
91afa299-8aac-4ee9-8013-276d15a7769c,Paraphrasing,FALSE,FALSE,FALSE,FALSE,TRUE,FALSE,FALSE,TRUE,FALSE,FALSE,FALSE,FALSE
edb9e202-4c9e-4bb7-a18c-daa472a22092,Ambiguous Inference,FALSE,TRUE,FALSE,FALSE,TRUE,FALSE,FALSE,FALSE,FALSE,TRUE,FALSE,FALSE
f7efb395-97a8-424e-b2c0-b400eaa5831e,Ambiguous Inference,TRUE,FALSE,FALSE,FALSE,TRUE,FALSE,TRUE,FALSE,TRUE,TRUE,FALSE,FALSE
c3ff170b-8e5d-45db-be5b-e3d53e1f5104,Paraphrasing,FALSE,FALSE,FALSE,TRUE,FALSE,FALSE,FALSE,TRUE,FALSE,FALSE,FALSE,FALSE
06eef9c5-1b05-4d08-961c-fdefdb74d6ea,Paraphrasing,TRUE,TRUE,FALSE,FALSE,TRUE,FALSE,TRUE,TRUE,FALSE,TRUE,FALSE,FALSE
e1f84a09-4ac1-4e21-8e8b-6c12996111b5,sentence,FALSE,FALSE,FALSE,FALSE,TRUE,FALSE,FALSE,FALSE,FALSE,FALSE,FALSE,TRUE
180c876f-d5d2-4397-a9bc-bdae30d5954c,Paraphrasing,FALSE,FALSE,FALSE,TRUE,FALSE,FALSE,FALSE,FALSE,FALSE,FALSE,FALSE,FALSE
7b95d4d5-1ee9-4f1f-9d7e-2c6ff459054b,sentence,TRUE,TRUE,FALSE,FALSE,TRUE,FALSE,FALSE,TRUE,FALSE,FALSE,FALSE,FALSE
e2d48e18-276a-4de1-81af-594cf54c2a90,sentence,FALSE,FALSE,FALSE,FALSE,TRUE,FALSE,FALSE,FALSE,FALSE,FALSE,FALSE,TRUE
d485e612-1b3c-4b67-a9f0-ef432ff4fcee,Paraphrasing,FALSE,TRUE,FALSE,FALSE,TRUE,FALSE,TRUE,FALSE,FALSE,TRUE,FALSE,FALSE
8dcbc25a-c55c-4f2d-8cbf-c70df84b9490,Paraphrasing,FALSE,FALSE,TRUE,FALSE,TRUE,FALSE,TRUE,FALSE,FALSE,TRUE,FALSE,TRUE
73cf4b3f-604a-431d-8b5d-8e03b0cfb67a,sentence,TRUE,FALSE,FALSE,FALSE,TRUE,FALSE,FALSE,FALSE,FALSE,FALSE,FALSE,FALSE
10462d65-75a6-4430-974a-e8af56526fce,Paraphrasing,FALSE,FALSE,TRUE,FALSE,FALSE,FALSE,TRUE,TRUE,FALSE,FALSE,FALSE,FALSE
c01e99e8-d517-4e81-ab33-1d0921737821,sentence,TRUE,FALSE,FALSE,FALSE,TRUE,FALSE,FALSE,FALSE,FALSE,FALSE,FALSE,FALSE
d25df4e7-c94b-4a2d-a2d4-25e34655d0c9,Paraphrasing,FALSE,FALSE,FALSE,FALSE,TRUE,FALSE,TRUE,TRUE,FALSE,FALSE,FALSE,TRUE
09e93773-cb09-4bdb-b1ee-bcf339416c53,Ambiguous Inference,FALSE,FALSE,TRUE,FALSE,TRUE,FALSE,TRUE,FALSE,TRUE,FALSE,FALSE,FALSE
2d58e924-e539-40ba-968c-f56efaff1b1a,Paraphrasing,FALSE,FALSE,FALSE,FALSE,TRUE,FALSE,FALSE,FALSE,FALSE,FALSE,FALSE,TRUE
cf720bea-32e6-41f3-be77-d4674b580890,sentence,FALSE,TRUE,FALSE,FALSE,TRUE,FALSE,FALSE,FALSE,FALSE,FALSE,FALSE,TRUE
3eeca3cb-2263-4617-8d42-89786fb986f9,sentence,FALSE,FALSE,TRUE,FALSE,TRUE,FALSE,TRUE,FALSE,TRUE,FALSE,FALSE,TRUE
2c99419a-7247-45cc-8f63-4d423e852f5d,Paraphrasing,TRUE,TRUE,FALSE,FALSE,FALSE,FALSE,TRUE,TRUE,FALSE,TRUE,FALSE,TRUE
1a7e5dac-96a0-4fc8-8c2f-e5edbaee45ca,Paraphrasing,FALSE,FALSE,FALSE,FALSE,TRUE,FALSE,FALSE,FALSE,FALSE,FALSE,FALSE,FALSE
e92781bd-beee-4be6-ba37-0e2f7c258864,Paraphrasing,FALSE,FALSE,TRUE,FALSE,TRUE,FALSE,TRUE,FALSE,FALSE,FALSE,FALSE,TRUE
1e993bb1-28e9-46ca-9de0-e2984207fe98,word,TRUE,FALSE,FALSE,FALSE,TRUE,FALSE,FALSE,FALSE,FALSE,FALSE,FALSE,FALSE
ce171961-1139-4925-a52d-aaa45882193b,Paraphrasing,TRUE,FALSE,FALSE,TRUE,TRUE,FALSE,FALSE,FALSE,FALSE,FALSE,FALSE,FALSE
293b2d9c-6aa5-4237-9d3a-e375bd92ae58,Paraphrasing,FALSE,FALSE,FALSE,FALSE,TRUE,FALSE,TRUE,FALSE,FALSE,FALSE,FALSE,FALSE
9bedc73a-bd04-4a08-9d93-d6da9dd33991,word,FALSE,FALSE,FALSE,FALSE,TRUE,FALSE,TRUE,FALSE,FALSE,FALSE,FALSE,TRUE
796cebdd-7d6f-4c1e-95c3-be941d0e4a55,sentence,FALSE,FALSE,TRUE,FALSE,TRUE,FALSE,FALSE,FALSE,FALSE,FALSE,FALSE,FALSE
53756438-d5bd-45a6-83b0-5dc4ca78a5cc,Paraphrasing,FALSE,FALSE,TRUE,TRUE,TRUE,FALSE,FALSE,FALSE,FALSE,FALSE,FALSE,FALSE
6ead3cd4-e1a7-4ca8-a93a-f0fd32390bf7,Paraphrasing,TRUE,FALSE,FALSE,FALSE,TRUE,FALSE,FALSE,FALSE,FALSE,FALSE,FALSE,TRUE
7182496d-38b5-4af9-bef1-08bc329b5aba,Paraphrasing,TRUE,TRUE,TRUE,FALSE,TRUE,FALSE,TRUE,TRUE,FALSE,TRUE,FALSE,TRUE
2ad983c5-5074-4d10-acca-e98b9fceb09b,Paraphrasing,TRUE,TRUE,TRUE,FALSE,TRUE,FALSE,FALSE,FALSE,FALSE,FALSE,FALSE,TRUE
1c3f631c-ef1a-4dc3-bd26-715eea2c5703,sentence,FALSE,TRUE,FALSE,TRUE,TRUE,FALSE,TRUE,FALSE,FALSE,TRUE,FALSE,TRUE
9f097485-ac0b-40b0-bf42-3fde6476ce14,Paraphrasing,TRUE,TRUE,FALSE,FALSE,TRUE,FALSE,FALSE,TRUE,FALSE,TRUE,FALSE,TRUE
e4514b3b-2ac2-4e1f-8b23-6308185b3e25,Paraphrasing,TRUE,TRUE,FALSE,FALSE,TRUE,FALSE,FALSE,TRUE,FALSE,FALSE,FALSE,FALSE
fae520f1-4a08-41a2-a993-43a9f33ed3cd,Paraphrasing,TRUE,TRUE,FALSE,TRUE,TRUE,FALSE,TRUE,TRUE,FALSE,FALSE,FALSE,FALSE
36c78816-7606-4fe4-beb2-4b4cfde8115c,sentence,FALSE,TRUE,FALSE,FALSE,TRUE,FALSE,TRUE,FALSE,FALSE,FALSE,FALSE,FALSE
16119f0d-b0e0-43f6-ac36-5a13bab13604,Paraphrasing,FALSE,FALSE,FALSE,TRUE,TRUE,FALSE,FALSE,FALSE,FALSE,TRUE,FALSE,FALSE
eaefa570-0098-4b6d-9da1-d1df2d785824,sentence,FALSE,TRUE,FALSE,FALSE,TRUE,FALSE,FALSE,FALSE,FALSE,FALSE,FALSE,TRUE
6d430931-b572-4cc7-b18e-e7bdec5be9ca,Paraphrasing,FALSE,TRUE,FALSE,FALSE,FALSE,FALSE,TRUE,FALSE,FALSE,TRUE,FALSE,TRUE
406638bc-0ff9-4a9f-8034-8c43acf0b3ba,word,TRUE,TRUE,TRUE,FALSE,TRUE,TRUE,FALSE,FALSE,FALSE,TRUE,FALSE,TRUE
e3651067-1160-43b9-bb24-93137b4a8298,Paraphrasing,TRUE,FALSE,FALSE,FALSE,FALSE,FALSE,FALSE,FALSE,FALSE,FALSE,FALSE,FALSE
e9f4eb41-2143-48ed-a0c7-b58b18aaf099,sentence,TRUE,FALSE,FALSE,FALSE,TRUE,FALSE,FALSE,FALSE,FALSE,FALSE,FALSE,FALSE
9ba79327-d72c-4882-a828-e8bd80fbab56,sentence,FALSE,FALSE,FALSE,TRUE,TRUE,FALSE,FALSE,TRUE,FALSE,FALSE,FALSE,FALSE
2029aa56-ef8f-4c6f-a599-6dae60566f01,sentence,FALSE,FALSE,FALSE,FALSE,FALSE,FALSE,FALSE,FALSE,FALSE,FALSE,FALSE,FALSE
6f967d5e-3699-418f-99c4-4be8c2f227a8,Paraphrasing,FALSE,FALSE,FALSE,FALSE,FALSE,FALSE,TRUE,FALSE,FALSE,TRUE,FALSE,TRUE
ea04f6ea-5b4f-4a24-a276-fe6c1e55667f,Paraphrasing,TRUE,FALSE,TRUE,FALSE,TRUE,FALSE,FALSE,TRUE,FALSE,FALSE,FALSE,FALSE
3e43926e-578c-4da6-9026-fa7908d46003,sentence,FALSE,FALSE,FALSE,FALSE,TRUE,FALSE,FALSE,TRUE,FALSE,FALSE,FALSE,FALSE
43bacad9-413e-4974-8789-a979823e634d,sentence,FALSE,FALSE,FALSE,FALSE,TRUE,FALSE,FALSE,TRUE,TRUE,FALSE,FALSE,FALSE
308e263d-0f58-481a-a095-756250039824,Paraphrasing,FALSE,FALSE,FALSE,TRUE,FALSE,FALSE,TRUE,FALSE,FALSE,FALSE,FALSE,FALSE
9fd34809-8322-4df8-ae01-926f0cd2376b,word,FALSE,FALSE,FALSE,FALSE,TRUE,FALSE,TRUE,TRUE,FALSE,FALSE,FALSE,TRUE
1a037660-3761-449a-8170-59e2705a9c54,Paraphrasing,FALSE,FALSE,FALSE,TRUE,TRUE,FALSE,FALSE,FALSE,FALSE,FALSE,FALSE,FALSE
9f5d238b-92d2-46f4-80d4-d30e65087c47,Ambiguous Inference,FALSE,FALSE,FALSE,FALSE,FALSE,FALSE,FALSE,FALSE,FALSE,FALSE,FALSE,TRUE
30692936-299b-4ca9-b2fb-74509d0d3e25,sentence,FALSE,FALSE,FALSE,TRUE,TRUE,FALSE,FALSE,FALSE,FALSE,FALSE,FALSE,TRUE
a8281cdb-5cfa-4afe-99aa-915110c0162f,Paraphrasing,TRUE,FALSE,TRUE,FALSE,TRUE,FALSE,FALSE,FALSE,FALSE,FALSE,FALSE,TRUE
fb46930d-fee0-4e63-a858-2afc280aa5f0,Paraphrasing,TRUE,TRUE,TRUE,TRUE,TRUE,TRUE,TRUE,FALSE,FALSE,TRUE,FALSE,FALSE
fd5da531-ff8c-4eab-99d6-6c1e94b1035c,Paraphrasing,TRUE,FALSE,TRUE,FALSE,FALSE,FALSE,TRUE,TRUE,FALSE,FALSE,FALSE,TRUE
fa0260b1-cfae-4a39-bf66-1d33f6fe508a,Paraphrasing,TRUE,FALSE,FALSE,FALSE,TRUE,FALSE,FALSE,FALSE,FALSE,FALSE,FALSE,TRUE
7cfd005c-ca20-4fc2-802b-83a63998b9bb,Paraphrasing,FALSE,TRUE,FALSE,FALSE,FALSE,FALSE,FALSE,FALSE,FALSE,FALSE,FALSE,TRUE
